<?xml version="1.0" encoding="UTF-8"?><?xml-stylesheet type='text/xsl' href='_UpgradeReport_Files/UpgradeReport.xslt'?><UpgradeLog>
<Properties><Property Name="Solution" Value="MenusAndToolbars">
</Property><Property Name="Solution File" Value="C:\Учебный процесс\Windows Presentation Foundation\Литература\Books\WPF Matthew MacDonald\Chapter18\MenusAndToolbars\MenusAndToolbars.sln">
</Property><Property Name="User Options File" Value="C:\Учебный процесс\Windows Presentation Foundation\Литература\Books\WPF Matthew MacDonald\Chapter18\MenusAndToolbars\MenusAndToolbars.suo">
</Property><Property Name="Date" Value="11 сентября 2011 г.">
</Property><Property Name="Time" Value="16:34">
</Property></Properties><Event ErrorLevel="0" Project="" Source="MenusAndToolbars.sln" Description="File successfully backed up as C:\Учебный процесс\Windows Presentation Foundation\Литература\Books\WPF Matthew MacDonald\Chapter18\MenusAndToolbars\Backup\MenusAndToolbars.sln">
</Event><Event ErrorLevel="0" Project="" Source="MenusAndToolbars.suo" Description="File successfully backed up as C:\Учебный процесс\Windows Presentation Foundation\Литература\Books\WPF Matthew MacDonald\Chapter18\MenusAndToolbars\Backup\MenusAndToolbars.suo">
</Event><Event ErrorLevel="0" Project="MenusAndToolbars" Source="MenusAndToolbars.csproj" Description="Project file successfully backed up as C:\Учебный процесс\Windows Presentation Foundation\Литература\Books\WPF Matthew MacDonald\Chapter18\MenusAndToolbars\Backup\MenusAndToolbars.csproj">
</Event><Event ErrorLevel="0" Project="MenusAndToolbars" Source="MenusAndToolbars.csproj.user" Description="Project user file successfully backed up as C:\Учебный процесс\Windows Presentation Foundation\Литература\Books\WPF Matthew MacDonald\Chapter18\MenusAndToolbars\Backup\MenusAndToolbars.csproj.user">
</Event><Event ErrorLevel="0" Project="MenusAndToolbars" Source="App.xaml.cs" Description="File successfully backed up as C:\Учебный процесс\Windows Presentation Foundation\Литература\Books\WPF Matthew MacDonald\Chapter18\MenusAndToolbars\Backup\App.xaml.cs">
</Event><Event ErrorLevel="0" Project="MenusAndToolbars" Source="BasicToolbar.xaml.cs" Description="File successfully backed up as C:\Учебный процесс\Windows Presentation Foundation\Литература\Books\WPF Matthew MacDonald\Chapter18\MenusAndToolbars\Backup\BasicToolbar.xaml.cs">
</Event><Event ErrorLevel="0" Project="MenusAndToolbars" Source="Menu.xaml.cs" Description="File successfully backed up as C:\Учебный процесс\Windows Presentation Foundation\Литература\Books\WPF Matthew MacDonald\Chapter18\MenusAndToolbars\Backup\Menu.xaml.cs">
</Event><Event ErrorLevel="0" Project="MenusAndToolbars" Source="MenuWithSubheading.xaml.cs" Description="File successfully backed up as C:\Учебный процесс\Windows Presentation Foundation\Литература\Books\WPF Matthew MacDonald\Chapter18\MenusAndToolbars\Backup\MenuWithSubheading.xaml.cs">
</Event><Event ErrorLevel="0" Project="MenusAndToolbars" Source="MixedMenus.xaml.cs" Description="File successfully backed up as C:\Учебный процесс\Windows Presentation Foundation\Литература\Books\WPF Matthew MacDonald\Chapter18\MenusAndToolbars\Backup\MixedMenus.xaml.cs">
</Event><Event ErrorLevel="0" Project="MenusAndToolbars" Source="Properties\AssemblyInfo.cs" Description="File successfully backed up as C:\Учебный процесс\Windows Presentation Foundation\Литература\Books\WPF Matthew MacDonald\Chapter18\MenusAndToolbars\Backup\Properties\AssemblyInfo.cs">
</Event><Event ErrorLevel="0" Project="MenusAndToolbars" Source="Properties\Resources.Designer.cs" Description="File successfully backed up as C:\Учебный процесс\Windows Presentation Foundation\Литература\Books\WPF Matthew MacDonald\Chapter18\MenusAndToolbars\Backup\Properties\Resources.Designer.cs">
</Event><Event ErrorLevel="0" Project="MenusAndToolbars" Source="Properties\Settings.Designer.cs" Description="File successfully backed up as C:\Учебный процесс\Windows Presentation Foundation\Литература\Books\WPF Matthew MacDonald\Chapter18\MenusAndToolbars\Backup\Properties\Settings.Designer.cs">
</Event><Event ErrorLevel="0" Project="MenusAndToolbars" Source="ProportionalStatusBar.xaml.cs" Description="File successfully backed up as C:\Учебный процесс\Windows Presentation Foundation\Литература\Books\WPF Matthew MacDonald\Chapter18\MenusAndToolbars\Backup\ProportionalStatusBar.xaml.cs">
</Event><Event ErrorLevel="0" Project="MenusAndToolbars" Source="SidebarMenu.xaml.cs" Description="File successfully backed up as C:\Учебный процесс\Windows Presentation Foundation\Литература\Books\WPF Matthew MacDonald\Chapter18\MenusAndToolbars\Backup\SidebarMenu.xaml.cs">
</Event><Event ErrorLevel="0" Project="MenusAndToolbars" Source="ToolbarTrays.xaml.cs" Description="File successfully backed up as C:\Учебный процесс\Windows Presentation Foundation\Литература\Books\WPF Matthew MacDonald\Chapter18\MenusAndToolbars\Backup\ToolbarTrays.xaml.cs">
</Event><Event ErrorLevel="0" Project="MenusAndToolbars" Source="Properties\Settings.settings" Description="File successfully backed up as C:\Учебный процесс\Windows Presentation Foundation\Литература\Books\WPF Matthew MacDonald\Chapter18\MenusAndToolbars\Backup\Properties\Settings.settings">
</Event><Event ErrorLevel="0" Project="MenusAndToolbars" Source="Properties\Resources.resx" Description="File successfully backed up as C:\Учебный процесс\Windows Presentation Foundation\Литература\Books\WPF Matthew MacDonald\Chapter18\MenusAndToolbars\Backup\Properties\Resources.resx">
</Event><Event ErrorLevel="0" Project="MenusAndToolbars" Source="App.xaml" Description="File successfully backed up as C:\Учебный процесс\Windows Presentation Foundation\Литература\Books\WPF Matthew MacDonald\Chapter18\MenusAndToolbars\Backup\App.xaml">
</Event><Event ErrorLevel="0" Project="MenusAndToolbars" Source="BasicToolbar.xaml" Description="File successfully backed up as C:\Учебный процесс\Windows Presentation Foundation\Литература\Books\WPF Matthew MacDonald\Chapter18\MenusAndToolbars\Backup\BasicToolbar.xaml">
</Event><Event ErrorLevel="0" Project="MenusAndToolbars" Source="Icons.xaml" Description="File successfully backed up as C:\Учебный процесс\Windows Presentation Foundation\Литература\Books\WPF Matthew MacDonald\Chapter18\MenusAndToolbars\Backup\Icons.xaml">
</Event><Event ErrorLevel="0" Project="MenusAndToolbars" Source="Menu.xaml" Description="File successfully backed up as C:\Учебный процесс\Windows Presentation Foundation\Литература\Books\WPF Matthew MacDonald\Chapter18\MenusAndToolbars\Backup\Menu.xaml">
</Event><Event ErrorLevel="0" Project="MenusAndToolbars" Source="MenuWithSubheading.xaml" Description="File successfully backed up as C:\Учебный процесс\Windows Presentation Foundation\Литература\Books\WPF Matthew MacDonald\Chapter18\MenusAndToolbars\Backup\MenuWithSubheading.xaml">
</Event><Event ErrorLevel="0" Project="MenusAndToolbars" Source="MixedMenus.xaml" Description="File successfully backed up as C:\Учебный процесс\Windows Presentation Foundation\Литература\Books\WPF Matthew MacDonald\Chapter18\MenusAndToolbars\Backup\MixedMenus.xaml">
</Event><Event ErrorLevel="0" Project="MenusAndToolbars" Source="ProportionalStatusBar.xaml" Description="File successfully backed up as C:\Учебный процесс\Windows Presentation Foundation\Литература\Books\WPF Matthew MacDonald\Chapter18\MenusAndToolbars\Backup\ProportionalStatusBar.xaml">
</Event><Event ErrorLevel="0" Project="MenusAndToolbars" Source="SidebarMenu.xaml" Description="File successfully backed up as C:\Учебный процесс\Windows Presentation Foundation\Литература\Books\WPF Matthew MacDonald\Chapter18\MenusAndToolbars\Backup\SidebarMenu.xaml">
</Event><Event ErrorLevel="0" Project="MenusAndToolbars" Source="ToolbarTrays.xaml" Description="File successfully backed up as C:\Учебный процесс\Windows Presentation Foundation\Литература\Books\WPF Matthew MacDonald\Chapter18\MenusAndToolbars\Backup\ToolbarTrays.xaml">
</Event><Event ErrorLevel="0" Project="MenusAndToolbars" Source="MenusAndToolbars.csproj" Description="Project converted successfully">
</Event><Event ErrorLevel="3" Project="MenusAndToolbars" Source="MenusAndToolbars.csproj" Description="Converted">
</Event><Event ErrorLevel="0" Project="" Source="MenusAndToolbars.sln" Description="Solution converted successfully">
</Event><Event ErrorLevel="3" Project="" Source="MenusAndToolbars.sln" Description="Converted">
</Event><Event ErrorLevel="0" Project="MenusAndToolbars" Source="MenusAndToolbars.csproj" Description="Scan complete: Upgrade not required for project files.">
</Event></UpgradeLog>