<?xml version="1.0" encoding="UTF-8"?><?xml-stylesheet type='text/xsl' href='_UpgradeReport_Files/UpgradeReport.xslt'?><UpgradeLog>
<Properties><Property Name="Solution" Value="ClassicControls">
</Property><Property Name="Solution File" Value="C:\Учебный процесс\Windows Presentation Foundation\Примеры\5. Элементы управления\14. ClassicControls\ClassicControls.sln">
</Property><Property Name="User Options File" Value="C:\Учебный процесс\Windows Presentation Foundation\Примеры\5. Элементы управления\14. ClassicControls\ClassicControls.suo">
</Property><Property Name="Date" Value="31 августа 2011 г.">
</Property><Property Name="Time" Value="0:46">
</Property></Properties><Event ErrorLevel="0" Project="" Source="ClassicControls.sln" Description="File successfully backed up as C:\Учебный процесс\Windows Presentation Foundation\Примеры\5. Элементы управления\14. ClassicControls\Backup\ClassicControls.sln">
</Event><Event ErrorLevel="0" Project="" Source="ClassicControls.suo" Description="File successfully backed up as C:\Учебный процесс\Windows Presentation Foundation\Примеры\5. Элементы управления\14. ClassicControls\Backup\ClassicControls.suo">
</Event><Event ErrorLevel="0" Project="ClassicControls" Source="ClassicControls.csproj" Description="Project file successfully backed up as C:\Учебный процесс\Windows Presentation Foundation\Примеры\5. Элементы управления\14. ClassicControls\Backup\ClassicControls.csproj">
</Event><Event ErrorLevel="0" Project="ClassicControls" Source="App.xaml.cs" Description="File successfully backed up as C:\Учебный процесс\Windows Presentation Foundation\Примеры\5. Элементы управления\14. ClassicControls\Backup\App.xaml.cs">
</Event><Event ErrorLevel="0" Project="ClassicControls" Source="CheckBoxList.xaml.cs" Description="File successfully backed up as C:\Учебный процесс\Windows Presentation Foundation\Примеры\5. Элементы управления\14. ClassicControls\Backup\CheckBoxList.xaml.cs">
</Event><Event ErrorLevel="0" Project="ClassicControls" Source="ComboBoxTest.xaml.cs" Description="File successfully backed up as C:\Учебный процесс\Windows Presentation Foundation\Примеры\5. Элементы управления\14. ClassicControls\Backup\ComboBoxTest.xaml.cs">
</Event><Event ErrorLevel="0" Project="ClassicControls" Source="ImageList.xaml.cs" Description="File successfully backed up as C:\Учебный процесс\Windows Presentation Foundation\Примеры\5. Элементы управления\14. ClassicControls\Backup\ImageList.xaml.cs">
</Event><Event ErrorLevel="0" Project="ClassicControls" Source="IndeterminateProgressBar.xaml.cs" Description="File successfully backed up as C:\Учебный процесс\Windows Presentation Foundation\Примеры\5. Элементы управления\14. ClassicControls\Backup\IndeterminateProgressBar.xaml.cs">
</Event><Event ErrorLevel="0" Project="ClassicControls" Source="Properties\Resources.Designer.cs" Description="File successfully backed up as C:\Учебный процесс\Windows Presentation Foundation\Примеры\5. Элементы управления\14. ClassicControls\Backup\Properties\Resources.Designer.cs">
</Event><Event ErrorLevel="0" Project="ClassicControls" Source="Properties\Settings.Designer.cs" Description="File successfully backed up as C:\Учебный процесс\Windows Presentation Foundation\Примеры\5. Элементы управления\14. ClassicControls\Backup\Properties\Settings.Designer.cs">
</Event><Event ErrorLevel="0" Project="ClassicControls" Source="RadioButtonGroups.xaml.cs" Description="File successfully backed up as C:\Учебный процесс\Windows Presentation Foundation\Примеры\5. Элементы управления\14. ClassicControls\Backup\RadioButtonGroups.xaml.cs">
</Event><Event ErrorLevel="0" Project="ClassicControls" Source="SlidersCompared.xaml.cs" Description="File successfully backed up as C:\Учебный процесс\Windows Presentation Foundation\Примеры\5. Элементы управления\14. ClassicControls\Backup\SlidersCompared.xaml.cs">
</Event><Event ErrorLevel="0" Project="ClassicControls" Source="SliderTest.xaml.cs" Description="File successfully backed up as C:\Учебный процесс\Windows Presentation Foundation\Примеры\5. Элементы управления\14. ClassicControls\Backup\SliderTest.xaml.cs">
</Event><Event ErrorLevel="0" Project="ClassicControls" Source="TextBoxTest.xaml.cs" Description="File successfully backed up as C:\Учебный процесс\Windows Presentation Foundation\Примеры\5. Элементы управления\14. ClassicControls\Backup\TextBoxTest.xaml.cs">
</Event><Event ErrorLevel="0" Project="ClassicControls" Source="Tooltips.xaml.cs" Description="File successfully backed up as C:\Учебный процесс\Windows Presentation Foundation\Примеры\5. Элементы управления\14. ClassicControls\Backup\Tooltips.xaml.cs">
</Event><Event ErrorLevel="0" Project="ClassicControls" Source="Transparency.xaml.cs" Description="File successfully backed up as C:\Учебный процесс\Windows Presentation Foundation\Примеры\5. Элементы управления\14. ClassicControls\Backup\Transparency.xaml.cs">
</Event><Event ErrorLevel="0" Project="ClassicControls" Source="LabelTest.xaml.cs" Description="File successfully backed up as C:\Учебный процесс\Windows Presentation Foundation\Примеры\5. Элементы управления\14. ClassicControls\Backup\LabelTest.xaml.cs">
</Event><Event ErrorLevel="0" Project="ClassicControls" Source="Menu.xaml.cs" Description="File successfully backed up as C:\Учебный процесс\Windows Presentation Foundation\Примеры\5. Элементы управления\14. ClassicControls\Backup\Menu.xaml.cs">
</Event><Event ErrorLevel="0" Project="ClassicControls" Source="Properties\AssemblyInfo.cs" Description="File successfully backed up as C:\Учебный процесс\Windows Presentation Foundation\Примеры\5. Элементы управления\14. ClassicControls\Backup\Properties\AssemblyInfo.cs">
</Event><Event ErrorLevel="0" Project="ClassicControls" Source="EmbeddedFont.xaml.cs" Description="File successfully backed up as C:\Учебный процесс\Windows Presentation Foundation\Примеры\5. Элементы управления\14. ClassicControls\Backup\EmbeddedFont.xaml.cs">
</Event><Event ErrorLevel="0" Project="ClassicControls" Source="Properties\Settings.settings" Description="File successfully backed up as C:\Учебный процесс\Windows Presentation Foundation\Примеры\5. Элементы управления\14. ClassicControls\Backup\Properties\Settings.settings">
</Event><Event ErrorLevel="0" Project="ClassicControls" Source="Properties\Resources.resx" Description="File successfully backed up as C:\Учебный процесс\Windows Presentation Foundation\Примеры\5. Элементы управления\14. ClassicControls\Backup\Properties\Resources.resx">
</Event><Event ErrorLevel="0" Project="ClassicControls" Source="App.xaml" Description="File successfully backed up as C:\Учебный процесс\Windows Presentation Foundation\Примеры\5. Элементы управления\14. ClassicControls\Backup\App.xaml">
</Event><Event ErrorLevel="0" Project="ClassicControls" Source="CheckBoxList.xaml" Description="File successfully backed up as C:\Учебный процесс\Windows Presentation Foundation\Примеры\5. Элементы управления\14. ClassicControls\Backup\CheckBoxList.xaml">
</Event><Event ErrorLevel="0" Project="ClassicControls" Source="ComboBoxTest.xaml" Description="File successfully backed up as C:\Учебный процесс\Windows Presentation Foundation\Примеры\5. Элементы управления\14. ClassicControls\Backup\ComboBoxTest.xaml">
</Event><Event ErrorLevel="0" Project="ClassicControls" Source="ImageList.xaml" Description="File successfully backed up as C:\Учебный процесс\Windows Presentation Foundation\Примеры\5. Элементы управления\14. ClassicControls\Backup\ImageList.xaml">
</Event><Event ErrorLevel="0" Project="ClassicControls" Source="IndeterminateProgressBar.xaml" Description="File successfully backed up as C:\Учебный процесс\Windows Presentation Foundation\Примеры\5. Элементы управления\14. ClassicControls\Backup\IndeterminateProgressBar.xaml">
</Event><Event ErrorLevel="0" Project="ClassicControls" Source="RadioButtonGroups.xaml" Description="File successfully backed up as C:\Учебный процесс\Windows Presentation Foundation\Примеры\5. Элементы управления\14. ClassicControls\Backup\RadioButtonGroups.xaml">
</Event><Event ErrorLevel="0" Project="ClassicControls" Source="SlidersCompared.xaml" Description="File successfully backed up as C:\Учебный процесс\Windows Presentation Foundation\Примеры\5. Элементы управления\14. ClassicControls\Backup\SlidersCompared.xaml">
</Event><Event ErrorLevel="0" Project="ClassicControls" Source="SliderTest.xaml" Description="File successfully backed up as C:\Учебный процесс\Windows Presentation Foundation\Примеры\5. Элементы управления\14. ClassicControls\Backup\SliderTest.xaml">
</Event><Event ErrorLevel="0" Project="ClassicControls" Source="TextBoxTest.xaml" Description="File successfully backed up as C:\Учебный процесс\Windows Presentation Foundation\Примеры\5. Элементы управления\14. ClassicControls\Backup\TextBoxTest.xaml">
</Event><Event ErrorLevel="0" Project="ClassicControls" Source="Tooltips.xaml" Description="File successfully backed up as C:\Учебный процесс\Windows Presentation Foundation\Примеры\5. Элементы управления\14. ClassicControls\Backup\Tooltips.xaml">
</Event><Event ErrorLevel="0" Project="ClassicControls" Source="Transparency.xaml" Description="File successfully backed up as C:\Учебный процесс\Windows Presentation Foundation\Примеры\5. Элементы управления\14. ClassicControls\Backup\Transparency.xaml">
</Event><Event ErrorLevel="0" Project="ClassicControls" Source="LabelTest.xaml" Description="File successfully backed up as C:\Учебный процесс\Windows Presentation Foundation\Примеры\5. Элементы управления\14. ClassicControls\Backup\LabelTest.xaml">
</Event><Event ErrorLevel="0" Project="ClassicControls" Source="Menu.xaml" Description="File successfully backed up as C:\Учебный процесс\Windows Presentation Foundation\Примеры\5. Элементы управления\14. ClassicControls\Backup\Menu.xaml">
</Event><Event ErrorLevel="0" Project="ClassicControls" Source="EmbeddedFont.xaml" Description="File successfully backed up as C:\Учебный процесс\Windows Presentation Foundation\Примеры\5. Элементы управления\14. ClassicControls\Backup\EmbeddedFont.xaml">
</Event><Event ErrorLevel="0" Project="ClassicControls" Source="ClassicControls.csproj" Description="Project converted successfully">
</Event><Event ErrorLevel="3" Project="ClassicControls" Source="ClassicControls.csproj" Description="Converted">
</Event><Event ErrorLevel="0" Project="" Source="ClassicControls.sln" Description="Solution converted successfully">
</Event><Event ErrorLevel="3" Project="" Source="ClassicControls.sln" Description="Converted">
</Event><Event ErrorLevel="0" Project="ClassicControls" Source="ClassicControls.csproj" Description="Scan complete: Upgrade not required for project files.">
</Event></UpgradeLog>