<?xml version="1.0" encoding="UTF-8"?><?xml-stylesheet type='text/xsl' href='_UpgradeReport_Files/UpgradeReport.xslt'?><UpgradeLog>
<Properties><Property Name="Solution" Value="LayoutPanels">
</Property><Property Name="Solution File" Value="C:\Учебный процесс\Windows Presentation Foundation\Примеры\2. Контейнеры\8. Обобщенный пример\LayoutPanels\LayoutPanels.sln">
</Property><Property Name="User Options File" Value="C:\Учебный процесс\Windows Presentation Foundation\Примеры\2. Контейнеры\8. Обобщенный пример\LayoutPanels\LayoutPanels.suo">
</Property><Property Name="Date" Value="30 августа 2011 г.">
</Property><Property Name="Time" Value="16:32">
</Property></Properties><Event ErrorLevel="0" Project="" Source="LayoutPanels.sln" Description="File successfully backed up as C:\Учебный процесс\Windows Presentation Foundation\Примеры\2. Контейнеры\8. Обобщенный пример\LayoutPanels\Backup\LayoutPanels.sln">
</Event><Event ErrorLevel="0" Project="" Source="LayoutPanels.suo" Description="File successfully backed up as C:\Учебный процесс\Windows Presentation Foundation\Примеры\2. Контейнеры\8. Обобщенный пример\LayoutPanels\Backup\LayoutPanels.suo">
</Event><Event ErrorLevel="0" Project="LayoutPanels" Source="LayoutPanels.csproj" Description="Project file successfully backed up as C:\Учебный процесс\Windows Presentation Foundation\Примеры\2. Контейнеры\8. Обобщенный пример\LayoutPanels\Backup\LayoutPanels.csproj">
</Event><Event ErrorLevel="0" Project="LayoutPanels" Source="MyApp.xaml.cs" Description="File successfully backed up as C:\Учебный процесс\Windows Presentation Foundation\Примеры\2. Контейнеры\8. Обобщенный пример\LayoutPanels\Backup\MyApp.xaml.cs">
</Event><Event ErrorLevel="0" Project="LayoutPanels" Source="Menu.xaml.cs" Description="File successfully backed up as C:\Учебный процесс\Windows Presentation Foundation\Примеры\2. Контейнеры\8. Обобщенный пример\LayoutPanels\Backup\Menu.xaml.cs">
</Event><Event ErrorLevel="0" Project="LayoutPanels" Source="BasicDialogBox.xaml.cs" Description="File successfully backed up as C:\Учебный процесс\Windows Presentation Foundation\Примеры\2. Контейнеры\8. Обобщенный пример\LayoutPanels\Backup\BasicDialogBox.xaml.cs">
</Event><Event ErrorLevel="0" Project="LayoutPanels" Source="DoubleSplitWindow.xaml.cs" Description="File successfully backed up as C:\Учебный процесс\Windows Presentation Foundation\Примеры\2. Контейнеры\8. Обобщенный пример\LayoutPanels\Backup\DoubleSplitWindow.xaml.cs">
</Event><Event ErrorLevel="0" Project="LayoutPanels" Source="LocalizableText.xaml.cs" Description="File successfully backed up as C:\Учебный процесс\Windows Presentation Foundation\Примеры\2. Контейнеры\8. Обобщенный пример\LayoutPanels\Backup\LocalizableText.xaml.cs">
</Event><Event ErrorLevel="0" Project="LayoutPanels" Source="ModularContent.xaml.cs" Description="File successfully backed up as C:\Учебный процесс\Windows Presentation Foundation\Примеры\2. Контейнеры\8. Обобщенный пример\LayoutPanels\Backup\ModularContent.xaml.cs">
</Event><Event ErrorLevel="0" Project="LayoutPanels" Source="Properties\AssemblyInfo.cs" Description="File successfully backed up as C:\Учебный процесс\Windows Presentation Foundation\Примеры\2. Контейнеры\8. Обобщенный пример\LayoutPanels\Backup\Properties\AssemblyInfo.cs">
</Event><Event ErrorLevel="0" Project="LayoutPanels" Source="Properties\Resources.Designer.cs" Description="File successfully backed up as C:\Учебный процесс\Windows Presentation Foundation\Примеры\2. Контейнеры\8. Обобщенный пример\LayoutPanels\Backup\Properties\Resources.Designer.cs">
</Event><Event ErrorLevel="0" Project="LayoutPanels" Source="Properties\Settings.Designer.cs" Description="File successfully backed up as C:\Учебный процесс\Windows Presentation Foundation\Примеры\2. Контейнеры\8. Обобщенный пример\LayoutPanels\Backup\Properties\Settings.Designer.cs">
</Event><Event ErrorLevel="0" Project="LayoutPanels" Source="SharedSizeGroup.xaml.cs" Description="File successfully backed up as C:\Учебный процесс\Windows Presentation Foundation\Примеры\2. Контейнеры\8. Обобщенный пример\LayoutPanels\Backup\SharedSizeGroup.xaml.cs">
</Event><Event ErrorLevel="0" Project="LayoutPanels" Source="SimpleCanvas.xaml.cs" Description="File successfully backed up as C:\Учебный процесс\Windows Presentation Foundation\Примеры\2. Контейнеры\8. Обобщенный пример\LayoutPanels\Backup\SimpleCanvas.xaml.cs">
</Event><Event ErrorLevel="0" Project="LayoutPanels" Source="SimpleDock.xaml.cs" Description="File successfully backed up as C:\Учебный процесс\Windows Presentation Foundation\Примеры\2. Контейнеры\8. Обобщенный пример\LayoutPanels\Backup\SimpleDock.xaml.cs">
</Event><Event ErrorLevel="0" Project="LayoutPanels" Source="SimpleGrid.xaml.cs" Description="File successfully backed up as C:\Учебный процесс\Windows Presentation Foundation\Примеры\2. Контейнеры\8. Обобщенный пример\LayoutPanels\Backup\SimpleGrid.xaml.cs">
</Event><Event ErrorLevel="0" Project="LayoutPanels" Source="SimpleInkCanvas.xaml.cs" Description="File successfully backed up as C:\Учебный процесс\Windows Presentation Foundation\Примеры\2. Контейнеры\8. Обобщенный пример\LayoutPanels\Backup\SimpleInkCanvas.xaml.cs">
</Event><Event ErrorLevel="0" Project="LayoutPanels" Source="SimpleStack.xaml.cs" Description="File successfully backed up as C:\Учебный процесс\Windows Presentation Foundation\Примеры\2. Контейнеры\8. Обобщенный пример\LayoutPanels\Backup\SimpleStack.xaml.cs">
</Event><Event ErrorLevel="0" Project="LayoutPanels" Source="SimpleWrap.xaml.cs" Description="File successfully backed up as C:\Учебный процесс\Windows Presentation Foundation\Примеры\2. Контейнеры\8. Обобщенный пример\LayoutPanels\Backup\SimpleWrap.xaml.cs">
</Event><Event ErrorLevel="0" Project="LayoutPanels" Source="SplitWindow.xaml.cs" Description="File successfully backed up as C:\Учебный процесс\Windows Presentation Foundation\Примеры\2. Контейнеры\8. Обобщенный пример\LayoutPanels\Backup\SplitWindow.xaml.cs">
</Event><Event ErrorLevel="0" Project="LayoutPanels" Source="TextBoxColumn.xaml.cs" Description="File successfully backed up as C:\Учебный процесс\Windows Presentation Foundation\Примеры\2. Контейнеры\8. Обобщенный пример\LayoutPanels\Backup\TextBoxColumn.xaml.cs">
</Event><Event ErrorLevel="0" Project="LayoutPanels" Source="TheUniformGrid.xaml.cs" Description="File successfully backed up as C:\Учебный процесс\Windows Presentation Foundation\Примеры\2. Контейнеры\8. Обобщенный пример\LayoutPanels\Backup\TheUniformGrid.xaml.cs">
</Event><Event ErrorLevel="0" Project="LayoutPanels" Source="Properties\Settings.settings" Description="File successfully backed up as C:\Учебный процесс\Windows Presentation Foundation\Примеры\2. Контейнеры\8. Обобщенный пример\LayoutPanels\Backup\Properties\Settings.settings">
</Event><Event ErrorLevel="0" Project="LayoutPanels" Source="Properties\Resources.resx" Description="File successfully backed up as C:\Учебный процесс\Windows Presentation Foundation\Примеры\2. Контейнеры\8. Обобщенный пример\LayoutPanels\Backup\Properties\Resources.resx">
</Event><Event ErrorLevel="0" Project="LayoutPanels" Source="MyApp.xaml" Description="File successfully backed up as C:\Учебный процесс\Windows Presentation Foundation\Примеры\2. Контейнеры\8. Обобщенный пример\LayoutPanels\Backup\MyApp.xaml">
</Event><Event ErrorLevel="0" Project="LayoutPanels" Source="BasicDialogBox.xaml" Description="File successfully backed up as C:\Учебный процесс\Windows Presentation Foundation\Примеры\2. Контейнеры\8. Обобщенный пример\LayoutPanels\Backup\BasicDialogBox.xaml">
</Event><Event ErrorLevel="0" Project="LayoutPanels" Source="DoubleSplitWindow.xaml" Description="File successfully backed up as C:\Учебный процесс\Windows Presentation Foundation\Примеры\2. Контейнеры\8. Обобщенный пример\LayoutPanels\Backup\DoubleSplitWindow.xaml">
</Event><Event ErrorLevel="0" Project="LayoutPanels" Source="LocalizableText.xaml" Description="File successfully backed up as C:\Учебный процесс\Windows Presentation Foundation\Примеры\2. Контейнеры\8. Обобщенный пример\LayoutPanels\Backup\LocalizableText.xaml">
</Event><Event ErrorLevel="0" Project="LayoutPanels" Source="Menu.xaml" Description="File successfully backed up as C:\Учебный процесс\Windows Presentation Foundation\Примеры\2. Контейнеры\8. Обобщенный пример\LayoutPanels\Backup\Menu.xaml">
</Event><Event ErrorLevel="0" Project="LayoutPanels" Source="ModularContent.xaml" Description="File successfully backed up as C:\Учебный процесс\Windows Presentation Foundation\Примеры\2. Контейнеры\8. Обобщенный пример\LayoutPanels\Backup\ModularContent.xaml">
</Event><Event ErrorLevel="0" Project="LayoutPanels" Source="SharedSizeGroup.xaml" Description="File successfully backed up as C:\Учебный процесс\Windows Presentation Foundation\Примеры\2. Контейнеры\8. Обобщенный пример\LayoutPanels\Backup\SharedSizeGroup.xaml">
</Event><Event ErrorLevel="0" Project="LayoutPanels" Source="SimpleCanvas.xaml" Description="File successfully backed up as C:\Учебный процесс\Windows Presentation Foundation\Примеры\2. Контейнеры\8. Обобщенный пример\LayoutPanels\Backup\SimpleCanvas.xaml">
</Event><Event ErrorLevel="0" Project="LayoutPanels" Source="SimpleDock.xaml" Description="File successfully backed up as C:\Учебный процесс\Windows Presentation Foundation\Примеры\2. Контейнеры\8. Обобщенный пример\LayoutPanels\Backup\SimpleDock.xaml">
</Event><Event ErrorLevel="0" Project="LayoutPanels" Source="SimpleGrid.xaml" Description="File successfully backed up as C:\Учебный процесс\Windows Presentation Foundation\Примеры\2. Контейнеры\8. Обобщенный пример\LayoutPanels\Backup\SimpleGrid.xaml">
</Event><Event ErrorLevel="0" Project="LayoutPanels" Source="SimpleInkCanvas.xaml" Description="File successfully backed up as C:\Учебный процесс\Windows Presentation Foundation\Примеры\2. Контейнеры\8. Обобщенный пример\LayoutPanels\Backup\SimpleInkCanvas.xaml">
</Event><Event ErrorLevel="0" Project="LayoutPanels" Source="SimpleStack.xaml" Description="File successfully backed up as C:\Учебный процесс\Windows Presentation Foundation\Примеры\2. Контейнеры\8. Обобщенный пример\LayoutPanels\Backup\SimpleStack.xaml">
</Event><Event ErrorLevel="0" Project="LayoutPanels" Source="SimpleWrap.xaml" Description="File successfully backed up as C:\Учебный процесс\Windows Presentation Foundation\Примеры\2. Контейнеры\8. Обобщенный пример\LayoutPanels\Backup\SimpleWrap.xaml">
</Event><Event ErrorLevel="0" Project="LayoutPanels" Source="SplitWindow.xaml" Description="File successfully backed up as C:\Учебный процесс\Windows Presentation Foundation\Примеры\2. Контейнеры\8. Обобщенный пример\LayoutPanels\Backup\SplitWindow.xaml">
</Event><Event ErrorLevel="0" Project="LayoutPanels" Source="TextBoxColumn.xaml" Description="File successfully backed up as C:\Учебный процесс\Windows Presentation Foundation\Примеры\2. Контейнеры\8. Обобщенный пример\LayoutPanels\Backup\TextBoxColumn.xaml">
</Event><Event ErrorLevel="0" Project="LayoutPanels" Source="TheUniformGrid.xaml" Description="File successfully backed up as C:\Учебный процесс\Windows Presentation Foundation\Примеры\2. Контейнеры\8. Обобщенный пример\LayoutPanels\Backup\TheUniformGrid.xaml">
</Event><Event ErrorLevel="0" Project="LayoutPanels" Source="LayoutPanels.csproj" Description="Project converted successfully">
</Event><Event ErrorLevel="3" Project="LayoutPanels" Source="LayoutPanels.csproj" Description="Converted">
</Event><Event ErrorLevel="0" Project="" Source="LayoutPanels.sln" Description="Solution converted successfully">
</Event><Event ErrorLevel="3" Project="" Source="LayoutPanels.sln" Description="Converted">
</Event><Event ErrorLevel="0" Project="LayoutPanels" Source="LayoutPanels.csproj" Description="Scan complete: Upgrade not required for project files.">
</Event></UpgradeLog>