<?xml version="1.0" encoding="UTF-8"?><?xml-stylesheet type='text/xsl' href='_UpgradeReport_Files/UpgradeReport.xslt'?><UpgradeLog>
<Properties><Property Name="Solution" Value="Drawing">
</Property><Property Name="Solution File" Value="C:\Учебный процесс\WPF\Классы Path и Geomethry\Drawing\Drawing.sln">
</Property><Property Name="User Options File" Value="C:\Учебный процесс\WPF\Классы Path и Geomethry\Drawing\Drawing.suo">
</Property><Property Name="Date" Value="11 сентября 2011 г.">
</Property><Property Name="Time" Value="15:41">
</Property></Properties><Event ErrorLevel="0" Project="" Source="Drawing.sln" Description="File successfully backed up as C:\Учебный процесс\WPF\Классы Path и Geomethry\Drawing\Backup\Drawing.sln">
</Event><Event ErrorLevel="0" Project="" Source="Drawing.suo" Description="File successfully backed up as C:\Учебный процесс\WPF\Классы Path и Geomethry\Drawing\Backup\Drawing.suo">
</Event><Event ErrorLevel="0" Project="Drawing" Source="Drawing.csproj" Description="Project file successfully backed up as C:\Учебный процесс\WPF\Классы Path и Geomethry\Drawing\Backup\Drawing.csproj">
</Event><Event ErrorLevel="0" Project="Drawing" Source="Drawing.csproj.user" Description="Project user file successfully backed up as C:\Учебный процесс\WPF\Классы Path и Geomethry\Drawing\Backup\Drawing.csproj.user">
</Event><Event ErrorLevel="0" Project="Drawing" Source="App.xaml.cs" Description="File successfully backed up as C:\Учебный процесс\WPF\Классы Path и Geomethry\Drawing\Backup\App.xaml.cs">
</Event><Event ErrorLevel="0" Project="Drawing" Source="CombiningShapes.xaml.cs" Description="File successfully backed up as C:\Учебный процесс\WPF\Классы Path и Geomethry\Drawing\Backup\CombiningShapes.xaml.cs">
</Event><Event ErrorLevel="0" Project="Drawing" Source="GroupedShapes.xaml.cs" Description="File successfully backed up as C:\Учебный процесс\WPF\Классы Path и Geomethry\Drawing\Backup\GroupedShapes.xaml.cs">
</Event><Event ErrorLevel="0" Project="Drawing" Source="NoSymbol.xaml.cs" Description="File successfully backed up as C:\Учебный процесс\WPF\Классы Path и Geomethry\Drawing\Backup\NoSymbol.xaml.cs">
</Event><Event ErrorLevel="0" Project="Drawing" Source="Menu.xaml.cs" Description="File successfully backed up as C:\Учебный процесс\WPF\Классы Path и Geomethry\Drawing\Backup\Menu.xaml.cs">
</Event><Event ErrorLevel="0" Project="Drawing" Source="Properties\AssemblyInfo.cs" Description="File successfully backed up as C:\Учебный процесс\WPF\Классы Path и Geomethry\Drawing\Backup\Properties\AssemblyInfo.cs">
</Event><Event ErrorLevel="0" Project="Drawing" Source="Properties\Resources.Designer.cs" Description="File successfully backed up as C:\Учебный процесс\WPF\Классы Path и Geomethry\Drawing\Backup\Properties\Resources.Designer.cs">
</Event><Event ErrorLevel="0" Project="Drawing" Source="Properties\Settings.Designer.cs" Description="File successfully backed up as C:\Учебный процесс\WPF\Классы Path и Geomethry\Drawing\Backup\Properties\Settings.Designer.cs">
</Event><Event ErrorLevel="0" Project="Drawing" Source="ReusingGeometry.xaml.cs" Description="File successfully backed up as C:\Учебный процесс\WPF\Классы Path и Geomethry\Drawing\Backup\ReusingGeometry.xaml.cs">
</Event><Event ErrorLevel="0" Project="Drawing" Source="Properties\Settings.settings" Description="File successfully backed up as C:\Учебный процесс\WPF\Классы Path и Geomethry\Drawing\Backup\Properties\Settings.settings">
</Event><Event ErrorLevel="0" Project="Drawing" Source="Properties\Resources.resx" Description="File successfully backed up as C:\Учебный процесс\WPF\Классы Path и Geomethry\Drawing\Backup\Properties\Resources.resx">
</Event><Event ErrorLevel="0" Project="Drawing" Source="App.xaml" Description="File successfully backed up as C:\Учебный процесс\WPF\Классы Path и Geomethry\Drawing\Backup\App.xaml">
</Event><Event ErrorLevel="0" Project="Drawing" Source="CombiningShapes.xaml" Description="File successfully backed up as C:\Учебный процесс\WPF\Классы Path и Geomethry\Drawing\Backup\CombiningShapes.xaml">
</Event><Event ErrorLevel="0" Project="Drawing" Source="GroupedShapes.xaml" Description="File successfully backed up as C:\Учебный процесс\WPF\Классы Path и Geomethry\Drawing\Backup\GroupedShapes.xaml">
</Event><Event ErrorLevel="0" Project="Drawing" Source="NoSymbol.xaml" Description="File successfully backed up as C:\Учебный процесс\WPF\Классы Path и Geomethry\Drawing\Backup\NoSymbol.xaml">
</Event><Event ErrorLevel="0" Project="Drawing" Source="Menu.xaml" Description="File successfully backed up as C:\Учебный процесс\WPF\Классы Path и Geomethry\Drawing\Backup\Menu.xaml">
</Event><Event ErrorLevel="0" Project="Drawing" Source="ReusingGeometry.xaml" Description="File successfully backed up as C:\Учебный процесс\WPF\Классы Path и Geomethry\Drawing\Backup\ReusingGeometry.xaml">
</Event><Event ErrorLevel="0" Project="Drawing" Source="Drawing.csproj" Description="Project converted successfully">
</Event><Event ErrorLevel="3" Project="Drawing" Source="Drawing.csproj" Description="Converted">
</Event><Event ErrorLevel="0" Project="" Source="Drawing.sln" Description="Solution converted successfully">
</Event><Event ErrorLevel="3" Project="" Source="Drawing.sln" Description="Converted">
</Event><Event ErrorLevel="0" Project="Drawing" Source="Drawing.csproj" Description="Scan complete: Upgrade not required for project files.">
</Event></UpgradeLog>