<?xml version="1.0" encoding="UTF-8"?><?xml-stylesheet type='text/xsl' href='_UpgradeReport_Files/UpgradeReport.xslt'?><UpgradeLog>
<Properties><Property Name="Solution" Value="Content">
</Property><Property Name="Solution File" Value="C:\Учебный процесс\Windows Presentation Foundation\Примеры\4. Элементы управления содержимым\Пример №1\Content.sln">
</Property><Property Name="User Options File" Value="C:\Учебный процесс\Windows Presentation Foundation\Примеры\4. Элементы управления содержимым\Пример №1\Content.suo">
</Property><Property Name="Date" Value="31 августа 2011 г.">
</Property><Property Name="Time" Value="0:53">
</Property></Properties><Event ErrorLevel="0" Project="" Source="Content.sln" Description="File successfully backed up as C:\Учебный процесс\Windows Presentation Foundation\Примеры\4. Элементы управления содержимым\Пример №1\Backup\Content.sln">
</Event><Event ErrorLevel="0" Project="" Source="Content.suo" Description="File successfully backed up as C:\Учебный процесс\Windows Presentation Foundation\Примеры\4. Элементы управления содержимым\Пример №1\Backup\Content.suo">
</Event><Event ErrorLevel="0" Project="Content" Source="Content.csproj" Description="Project file successfully backed up as C:\Учебный процесс\Windows Presentation Foundation\Примеры\4. Элементы управления содержимым\Пример №1\Backup\Content.csproj">
</Event><Event ErrorLevel="0" Project="Content" Source="App.xaml.cs" Description="File successfully backed up as C:\Учебный процесс\Windows Presentation Foundation\Примеры\4. Элементы управления содержимым\Пример №1\Backup\App.xaml.cs">
</Event><Event ErrorLevel="0" Project="Content" Source="ButtonsWithContent.xaml.cs" Description="File successfully backed up as C:\Учебный процесс\Windows Presentation Foundation\Примеры\4. Элементы управления содержимым\Пример №1\Backup\ButtonsWithContent.xaml.cs">
</Event><Event ErrorLevel="0" Project="Content" Source="ButtonWithShape.xaml.cs" Description="File successfully backed up as C:\Учебный процесс\Windows Presentation Foundation\Примеры\4. Элементы управления содержимым\Пример №1\Backup\ButtonWithShape.xaml.cs">
</Event><Event ErrorLevel="0" Project="Content" Source="GroupBoxTest.xaml.cs" Description="File successfully backed up as C:\Учебный процесс\Windows Presentation Foundation\Примеры\4. Элементы управления содержимым\Пример №1\Backup\GroupBoxTest.xaml.cs">
</Event><Event ErrorLevel="0" Project="Content" Source="LogicalScrolling.xaml.cs" Description="File successfully backed up as C:\Учебный процесс\Windows Presentation Foundation\Примеры\4. Элементы управления содержимым\Пример №1\Backup\LogicalScrolling.xaml.cs">
</Event><Event ErrorLevel="0" Project="Content" Source="Menu.xaml.cs" Description="File successfully backed up as C:\Учебный процесс\Windows Presentation Foundation\Примеры\4. Элементы управления содержимым\Пример №1\Backup\Menu.xaml.cs">
</Event><Event ErrorLevel="0" Project="Content" Source="Properties\AssemblyInfo.cs" Description="File successfully backed up as C:\Учебный процесс\Windows Presentation Foundation\Примеры\4. Элементы управления содержимым\Пример №1\Backup\Properties\AssemblyInfo.cs">
</Event><Event ErrorLevel="0" Project="Content" Source="Properties\Resources.Designer.cs" Description="File successfully backed up as C:\Учебный процесс\Windows Presentation Foundation\Примеры\4. Элементы управления содержимым\Пример №1\Backup\Properties\Resources.Designer.cs">
</Event><Event ErrorLevel="0" Project="Content" Source="Properties\Settings.Designer.cs" Description="File successfully backed up as C:\Учебный процесс\Windows Presentation Foundation\Примеры\4. Элементы управления содержимым\Пример №1\Backup\Properties\Settings.Designer.cs">
</Event><Event ErrorLevel="0" Project="Content" Source="ScrollableTextBoxColumn.xaml.cs" Description="File successfully backed up as C:\Учебный процесс\Windows Presentation Foundation\Примеры\4. Элементы управления содержимым\Пример №1\Backup\ScrollableTextBoxColumn.xaml.cs">
</Event><Event ErrorLevel="0" Project="Content" Source="PaddingComparison.xaml.cs" Description="File successfully backed up as C:\Учебный процесс\Windows Presentation Foundation\Примеры\4. Элементы управления содержимым\Пример №1\Backup\PaddingComparison.xaml.cs">
</Event><Event ErrorLevel="0" Project="Content" Source="SimpleBorder.xaml.cs" Description="File successfully backed up as C:\Учебный процесс\Windows Presentation Foundation\Примеры\4. Элементы управления содержимым\Пример №1\Backup\SimpleBorder.xaml.cs">
</Event><Event ErrorLevel="0" Project="Content" Source="Properties\Settings.settings" Description="File successfully backed up as C:\Учебный процесс\Windows Presentation Foundation\Примеры\4. Элементы управления содержимым\Пример №1\Backup\Properties\Settings.settings">
</Event><Event ErrorLevel="0" Project="Content" Source="Properties\Resources.resx" Description="File successfully backed up as C:\Учебный процесс\Windows Presentation Foundation\Примеры\4. Элементы управления содержимым\Пример №1\Backup\Properties\Resources.resx">
</Event><Event ErrorLevel="0" Project="Content" Source="App.xaml" Description="File successfully backed up as C:\Учебный процесс\Windows Presentation Foundation\Примеры\4. Элементы управления содержимым\Пример №1\Backup\App.xaml">
</Event><Event ErrorLevel="0" Project="Content" Source="ButtonsWithContent.xaml" Description="File successfully backed up as C:\Учебный процесс\Windows Presentation Foundation\Примеры\4. Элементы управления содержимым\Пример №1\Backup\ButtonsWithContent.xaml">
</Event><Event ErrorLevel="0" Project="Content" Source="ButtonWithShape.xaml" Description="File successfully backed up as C:\Учебный процесс\Windows Presentation Foundation\Примеры\4. Элементы управления содержимым\Пример №1\Backup\ButtonWithShape.xaml">
</Event><Event ErrorLevel="0" Project="Content" Source="GroupBoxTest.xaml" Description="File successfully backed up as C:\Учебный процесс\Windows Presentation Foundation\Примеры\4. Элементы управления содержимым\Пример №1\Backup\GroupBoxTest.xaml">
</Event><Event ErrorLevel="0" Project="Content" Source="LogicalScrolling.xaml" Description="File successfully backed up as C:\Учебный процесс\Windows Presentation Foundation\Примеры\4. Элементы управления содержимым\Пример №1\Backup\LogicalScrolling.xaml">
</Event><Event ErrorLevel="0" Project="Content" Source="Menu.xaml" Description="File successfully backed up as C:\Учебный процесс\Windows Presentation Foundation\Примеры\4. Элементы управления содержимым\Пример №1\Backup\Menu.xaml">
</Event><Event ErrorLevel="0" Project="Content" Source="ScrollableTextBoxColumn.xaml" Description="File successfully backed up as C:\Учебный процесс\Windows Presentation Foundation\Примеры\4. Элементы управления содержимым\Пример №1\Backup\ScrollableTextBoxColumn.xaml">
</Event><Event ErrorLevel="0" Project="Content" Source="PaddingComparison.xaml" Description="File successfully backed up as C:\Учебный процесс\Windows Presentation Foundation\Примеры\4. Элементы управления содержимым\Пример №1\Backup\PaddingComparison.xaml">
</Event><Event ErrorLevel="0" Project="Content" Source="SimpleBorder.xaml" Description="File successfully backed up as C:\Учебный процесс\Windows Presentation Foundation\Примеры\4. Элементы управления содержимым\Пример №1\Backup\SimpleBorder.xaml">
</Event><Event ErrorLevel="0" Project="Content" Source="Content.csproj" Description="Project converted successfully">
</Event><Event ErrorLevel="3" Project="Content" Source="Content.csproj" Description="Converted">
</Event><Event ErrorLevel="0" Project="" Source="Content.sln" Description="Solution converted successfully">
</Event><Event ErrorLevel="3" Project="" Source="Content.sln" Description="Converted">
</Event><Event ErrorLevel="0" Project="Content" Source="Content.csproj" Description="Scan complete: Upgrade not required for project files.">
</Event></UpgradeLog>