<?xml version="1.0" encoding="UTF-8"?><?xml-stylesheet type='text/xsl' href='_UpgradeReport_Files/UpgradeReport.xslt'?><UpgradeLog>
<Properties><Property Name="Solution" Value="Content">
</Property><Property Name="Solution File" Value="C:\Учебный процесс\Windows Presentation Foundation\Примеры\4. Элементы управления содержимым\Пример №2\Content.sln">
</Property><Property Name="User Options File" Value="C:\Учебный процесс\Windows Presentation Foundation\Примеры\4. Элементы управления содержимым\Пример №2\Content.suo">
</Property><Property Name="Date" Value="31 августа 2011 г.">
</Property><Property Name="Time" Value="0:54">
</Property></Properties><Event ErrorLevel="0" Project="" Source="Content.sln" Description="File successfully backed up as C:\Учебный процесс\Windows Presentation Foundation\Примеры\4. Элементы управления содержимым\Пример №2\Backup\Content.sln">
</Event><Event ErrorLevel="0" Project="" Source="Content.suo" Description="File successfully backed up as C:\Учебный процесс\Windows Presentation Foundation\Примеры\4. Элементы управления содержимым\Пример №2\Backup\Content.suo">
</Event><Event ErrorLevel="0" Project="Content" Source="Content.csproj" Description="Project file successfully backed up as C:\Учебный процесс\Windows Presentation Foundation\Примеры\4. Элементы управления содержимым\Пример №2\Backup\Content.csproj">
</Event><Event ErrorLevel="0" Project="Content" Source="App.xaml.cs" Description="File successfully backed up as C:\Учебный процесс\Windows Presentation Foundation\Примеры\4. Элементы управления содержимым\Пример №2\Backup\App.xaml.cs">
</Event><Event ErrorLevel="0" Project="Content" Source="ButtonWithShape.xaml.cs" Description="File successfully backed up as C:\Учебный процесс\Windows Presentation Foundation\Примеры\4. Элементы управления содержимым\Пример №2\Backup\ButtonWithShape.xaml.cs">
</Event><Event ErrorLevel="0" Project="Content" Source="ButtonWithViewboxContent.xaml.cs" Description="File successfully backed up as C:\Учебный процесс\Windows Presentation Foundation\Примеры\4. Элементы управления содержимым\Пример №2\Backup\ButtonWithViewboxContent.xaml.cs">
</Event><Event ErrorLevel="0" Project="Content" Source="ExpandableContent.xaml.cs" Description="File successfully backed up as C:\Учебный процесс\Windows Presentation Foundation\Примеры\4. Элементы управления содержимым\Пример №2\Backup\ExpandableContent.xaml.cs">
</Event><Event ErrorLevel="0" Project="Content" Source="ExpandableScrollableContent.xaml.cs" Description="File successfully backed up as C:\Учебный процесс\Windows Presentation Foundation\Примеры\4. Элементы управления содержимым\Пример №2\Backup\ExpandableScrollableContent.xaml.cs">
</Event><Event ErrorLevel="0" Project="Content" Source="GraphicalTabTitles.xaml.cs" Description="File successfully backed up as C:\Учебный процесс\Windows Presentation Foundation\Примеры\4. Элементы управления содержимым\Пример №2\Backup\GraphicalTabTitles.xaml.cs">
</Event><Event ErrorLevel="0" Project="Content" Source="Menu.xaml.cs" Description="File successfully backed up as C:\Учебный процесс\Windows Presentation Foundation\Примеры\4. Элементы управления содержимым\Пример №2\Backup\Menu.xaml.cs">
</Event><Event ErrorLevel="0" Project="Content" Source="MultiDirectionExpanders.xaml.cs" Description="File successfully backed up as C:\Учебный процесс\Windows Presentation Foundation\Примеры\4. Элементы управления содержимым\Пример №2\Backup\MultiDirectionExpanders.xaml.cs">
</Event><Event ErrorLevel="0" Project="Content" Source="Properties\AssemblyInfo.cs" Description="File successfully backed up as C:\Учебный процесс\Windows Presentation Foundation\Примеры\4. Элементы управления содержимым\Пример №2\Backup\Properties\AssemblyInfo.cs">
</Event><Event ErrorLevel="0" Project="Content" Source="Properties\Resources.Designer.cs" Description="File successfully backed up as C:\Учебный процесс\Windows Presentation Foundation\Примеры\4. Элементы управления содержимым\Пример №2\Backup\Properties\Resources.Designer.cs">
</Event><Event ErrorLevel="0" Project="Content" Source="Properties\Settings.Designer.cs" Description="File successfully backed up as C:\Учебный процесс\Windows Presentation Foundation\Примеры\4. Элементы управления содержимым\Пример №2\Backup\Properties\Settings.Designer.cs">
</Event><Event ErrorLevel="0" Project="Content" Source="SimpleBorder.xaml.cs" Description="File successfully backed up as C:\Учебный процесс\Windows Presentation Foundation\Примеры\4. Элементы управления содержимым\Пример №2\Backup\SimpleBorder.xaml.cs">
</Event><Event ErrorLevel="0" Project="Content" Source="TabTest.xaml.cs" Description="File successfully backed up as C:\Учебный процесс\Windows Presentation Foundation\Примеры\4. Элементы управления содержимым\Пример №2\Backup\TabTest.xaml.cs">
</Event><Event ErrorLevel="0" Project="Content" Source="Properties\Settings.settings" Description="File successfully backed up as C:\Учебный процесс\Windows Presentation Foundation\Примеры\4. Элементы управления содержимым\Пример №2\Backup\Properties\Settings.settings">
</Event><Event ErrorLevel="0" Project="Content" Source="Properties\Resources.resx" Description="File successfully backed up as C:\Учебный процесс\Windows Presentation Foundation\Примеры\4. Элементы управления содержимым\Пример №2\Backup\Properties\Resources.resx">
</Event><Event ErrorLevel="0" Project="Content" Source="App.xaml" Description="File successfully backed up as C:\Учебный процесс\Windows Presentation Foundation\Примеры\4. Элементы управления содержимым\Пример №2\Backup\App.xaml">
</Event><Event ErrorLevel="0" Project="Content" Source="ButtonWithShape.xaml" Description="File successfully backed up as C:\Учебный процесс\Windows Presentation Foundation\Примеры\4. Элементы управления содержимым\Пример №2\Backup\ButtonWithShape.xaml">
</Event><Event ErrorLevel="0" Project="Content" Source="ButtonWithViewboxContent.xaml" Description="File successfully backed up as C:\Учебный процесс\Windows Presentation Foundation\Примеры\4. Элементы управления содержимым\Пример №2\Backup\ButtonWithViewboxContent.xaml">
</Event><Event ErrorLevel="0" Project="Content" Source="ExpandableContent.xaml" Description="File successfully backed up as C:\Учебный процесс\Windows Presentation Foundation\Примеры\4. Элементы управления содержимым\Пример №2\Backup\ExpandableContent.xaml">
</Event><Event ErrorLevel="0" Project="Content" Source="ExpandableScrollableContent.xaml" Description="File successfully backed up as C:\Учебный процесс\Windows Presentation Foundation\Примеры\4. Элементы управления содержимым\Пример №2\Backup\ExpandableScrollableContent.xaml">
</Event><Event ErrorLevel="0" Project="Content" Source="GraphicalTabTitles.xaml" Description="File successfully backed up as C:\Учебный процесс\Windows Presentation Foundation\Примеры\4. Элементы управления содержимым\Пример №2\Backup\GraphicalTabTitles.xaml">
</Event><Event ErrorLevel="0" Project="Content" Source="Menu.xaml" Description="File successfully backed up as C:\Учебный процесс\Windows Presentation Foundation\Примеры\4. Элементы управления содержимым\Пример №2\Backup\Menu.xaml">
</Event><Event ErrorLevel="0" Project="Content" Source="MultiDirectionExpanders.xaml" Description="File successfully backed up as C:\Учебный процесс\Windows Presentation Foundation\Примеры\4. Элементы управления содержимым\Пример №2\Backup\MultiDirectionExpanders.xaml">
</Event><Event ErrorLevel="0" Project="Content" Source="SimpleBorder.xaml" Description="File successfully backed up as C:\Учебный процесс\Windows Presentation Foundation\Примеры\4. Элементы управления содержимым\Пример №2\Backup\SimpleBorder.xaml">
</Event><Event ErrorLevel="0" Project="Content" Source="TabTest.xaml" Description="File successfully backed up as C:\Учебный процесс\Windows Presentation Foundation\Примеры\4. Элементы управления содержимым\Пример №2\Backup\TabTest.xaml">
</Event><Event ErrorLevel="0" Project="Content" Source="Content.csproj" Description="Project converted successfully">
</Event><Event ErrorLevel="3" Project="Content" Source="Content.csproj" Description="Converted">
</Event><Event ErrorLevel="0" Project="" Source="Content.sln" Description="Solution converted successfully">
</Event><Event ErrorLevel="3" Project="" Source="Content.sln" Description="Converted">
</Event><Event ErrorLevel="0" Project="Content" Source="Content.csproj" Description="Scan complete: Upgrade not required for project files.">
</Event></UpgradeLog>